1,Big Bird,SesameStreet,Fakeville,12345
2,Richard Thomas,1560 Anthony Run Suite 943,Warrenbury,37277
3,Debra Logan,11479 James Garden Apt. 136,Woodsbury,77802
4,Timothy Franklin,9396 Bell Prairie,Lindseyport,38230
5,Zachary Livingston,300 Johnson Junction Apt. 956,North Jermaine,25656
6,Phillip Merritt,2085 Rhodes Track Suite 892,Port Robert,32463
7,Derrick Hunt,9899 Mike Manor Suite 292,East Kevinbury,72221
8,Lisa Briggs,55705 Amanda Vista Apt. 426,Mccoyville,17458
9,Curtis Morgan,1326 Watson Brooks,Alexisview,97567
10,Rachael Martin,1407 Eric Rest Suite 195,Scottland,84594
11,Scott Roy PhD,680 Lucas Parkways,East Joshuaberg,91159
12,Michael Shannon,48745 Harmon Crescent Apt. 950,South Malik,76756
13,Brittany Atkinson,31537 Marcus Isle,Calebmouth,12851
14,Brendan Harrison,09726 Joshua Mews,New Juliaport,44149
15,Glen Taylor,301 Massey Mountain,Stokesbury,48969
16,Jesse Murphy,86872 Megan Lakes,East Erictown,07688
17,Joy Maldonado,6695 Smith Squares,Rebeccatown,07839
18,Mr. Daniel Swanson,361 Tanya Mountains Suite 901,Port Katieborough,14981
19,Nathaniel Frank,8199 Mathews View,East Justinberg,12019
20,Kimberly Mcclain,520 Donna Burgs,East Tammy,18576
21,Jeffrey Russell,46445 Christopher Manors,North Heather,26527
22,Darlene Aguilar,022 Willie Skyway Apt. 852,Mooreland,03666
23,Melissa Holmes,25475 Judith Prairie,North Jesus,08573
24,Joshua Gutierrez,99286 Megan Walk,South Gregory,75063
25,Barbara Chambers,203 Thomas Shores,West Jennifer,18578
26,Mr. Russell Jimenez,00319 Veronica Island Apt. 530,North Andrewland,63218
27,Elizabeth Hernandez,4300 Vasquez Square,Skinnerfurt,54590
28,Michael Shea,62718 Nicholas Row Apt. 832,Gonzalesville,67588
29,Jonathan Stewart,3214 Holly Flat Suite 203,Rodriguezville,96552
30,John Burke,83228 Nicole Prairie Suite 409,Martinburgh,68110
31,Katherine Callahan,699 Griffin River,Port Ralphstad,96366
32,Lori Arroyo,74510 Emily Village,Justinside,97274
33,Daniel Smith,52955 Randy Harbor Suite 475,Port Kim,03100
34,Stephanie Morgan,87943 David Garden Apt. 960,Swansonstad,42776
35,Fernando Dennis,92379 Wesley Manor,Lake Scott,66547
36,Sergio Thomas,8161 Sierra Mews Suite 468,West Michelle,36595
37,Nicole Townsend,0223 Richard Roads Suite 390,Port Johnmouth,94863
38,Dawn Olson,03534 Lisa Stravenue Suite 395,Meltonton,55724
39,Ana Morgan,751 Rachel Drives,East Helen,74155
40,Shannon White,77511 Clayton Falls,East Gregorymouth,01847
41,John Baker,970 Curtis Fork Suite 778,Hallstad,39682
42,Jeremy Miller,613 Roth Overpass,Lake Brandon,71897
43,Jon Roman,88741 Costa Estate,New Tracey,57114
44,Jasmine Becker,578 Bryan Wells Apt. 335,New Bryanshire,52068
45,Samantha Foster,321 Walton Street Suite 722,Salazarside,63603
46,John Santos,1133 John Mountain,Fosterview,69551
47,Thomas Jefferson,17402 Campbell Skyway,Port Adam,82055
48,Jennifer Perez,918 Smith Forge,Nicholasborough,56423
49,Christina Morgan,266 Graham Village Suite 768,West Anthony,10047
50,Hailey Gonzalez,4731 Adams Ports,East Emilyville,92638
51,Steven Lyons,503 Blankenship Squares,Port Christine,21485
52,Robert Kerr,26102 Jennifer Dale Apt. 849,Justinfurt,72285
53,Jessica Greene,58064 Micheal Mount Suite 294,West Joshua,85212
54,Eric Contreras,130 Hartman Point,Port Sherry,25415
55,Christine Drake,721 Stout Street,Williamfort,74791
56,Erik Taylor,2039 Velazquez Trace Suite 654,South Jessicatown,56263
57,Courtney Walter,387 Hanna Ford,North Nicholas,97562
58,Courtney Elliott,563 Benjamin Brook,Port Mason,20985
59,Logan Blair,156 Danielle Cliff,New Mary,47252
60,Robert Harris,62816 Perez Crossing Apt. 920,New Kellychester,64256
61,Anthony Peterson,278 Lowe Walks,Traciville,94059
62,Jeffrey Robinson,78305 Joy Ports Suite 435,New Antonioland,74086
63,Pamela Walls,0507 Jones Loop,Stewartmouth,21347
64,Vanessa Lutz,6113 Solomon Unions Apt. 505,Cookeberg,67208
65,Miranda Turner,1011 Ashlee Mountain Apt. 110,New Matthewville,75824
66,Mary Brown,694 Jones Place,Carlaburgh,84940
67,Nancy Miller,52200 Amanda Key Suite 240,Clarkhaven,62697
68,Destiny Williams,9166 Crosby Lights,Carrollborough,34422
69,John Willis,252 Henry Wells Suite 143,Amyton,19374
70,Janet Sanchez,8476 Mary Drive,East Todd,57444
71,Carla Williams,83089 Evans Brook,Port Staceyport,08120
72,Rebecca Fischer,3207 Jacobs Stream,Watsonbury,31291
73,Laura Hartman,5618 Lucas Creek Suite 210,New Melissaport,60505
74,Madison Villarreal,17269 Christina Throughway,East Carly,36377
75,Tina Anderson,9384 Howard Underpass,Kimberlyview,36815
76,Mike Dennis,62258 Charles Island Apt. 925,Weberville,86135
77,Ian Richardson,9336 Young Tunnel Suite 978,Danielport,99226
78,Kyle Meyer,6475 Hess Heights,Port Curtisberg,35135
79,David Gould,51028 Williams Mountains,East Susanborough,47930
80,Daniel Williams,69049 Chelsea Center,Nicholaschester,43915
81,Sonya Schultz,9836 Phillips Path Suite 475,West Nicole,37933
82,Jessica Hayes,69614 Mary Run,South Josephburgh,58181
83,Elizabeth Jones,01049 John Fields Apt. 220,Smithtown,26759
84,Erin Owen,092 Kevin Locks Apt. 672,Lawsontown,08789
85,Sue Rivera,5599 Wolf Expressway Apt. 204,Lake Kimberly,45692
86,Patrick Wolfe,1943 Dominguez Hollow,Lake Raymondbury,17525
87,Brandon Pearson,965 Tucker Light Suite 235,South James,59725
88,Ariel Chavez,7043 Harvey Unions Suite 848,Reginamouth,01319
89,Warren Evans,587 Edwin Greens,Jeffreyberg,35301
90,Michelle Woodward,2384 Charles Passage,Port Erin,15299
91,Marco Edwards,32009 George Heights,Jasonville,12556
92,Dominic Wilson,837 Anne Mission Apt. 850,New Rachael,95490
93,Alyssa Sheppard,2322 Huff Lodge Apt. 682,West Renee,43648
94,Sarah Scott,598 Peters Spur,South Sydneyberg,76480
95,Adam Hernandez,32083 Compton Forges Suite 529,South Marcuston,28011
96,Curtis Hunt,9508 Karen Passage,Watkinsmouth,39143
97,Victoria Hernandez,16135 Michele Motorway,Carolineview,10689
98,Christopher Ritter,20616 Jenkins Cliffs,Kevinmouth,79702
99,Peter Nelson,0292 Jensen Manor Suite 411,East Johnfort,55035
100,Daniel Suarez,145 Davis Tunnel Apt. 449,Port James,53633
101,Charles Nichols,9223 Fischer Ville Suite 242,Meredithborough,10814
102,Kyle Johnson,366 Ramirez Rapids,Port Jenniferborough,32402
103,Bobby Brown,794 Torres Canyon,Pricefort,75624
104,Daniel Ramirez,2729 Tina View Apt. 373,North Dennisview,98073
105,Julie Soto,5859 Gutierrez Summit Suite 408,North Jacqueline,10442
106,Ronald Nichols,62313 Karen Mission Suite 678,Bradleyview,73996
107,Dustin Jones,75455 Patricia Radial Apt. 957,West Stephanie,46699
108,Joanne Vazquez,20248 Rose Extension Suite 659,East Lauren,20382
109,Veronica Sweeney,215 West Rapids,Alexandraberg,25334
110,Patricia Pennington,27402 Hannah Stravenue,Martinside,58219
111,David Evans,550 Jonathon Cliffs,West Patricialand,97489
112,Karen Morris,2055 Dawn Motorway,East Matthew,12743
113,David Davis,7527 Angel Meadows Suite 945,Reyesburgh,02116
114,Andrea Smith,425 Jennifer Port,Matthewview,34270
115,Kathryn Dominguez,7620 Walker Mount,Mooreborough,80265
116,Kathryn Jones,74970 Jessica Brook,North Allisonborough,30167
117,Linda Garcia,571 Smith Village Apt. 318,Sandrastad,90267
118,Jasmine Medina,922 Samantha Valley Apt. 942,Christophershire,48473
119,Holly Caldwell,88818 Adrian Shoal Suite 441,Hansenhaven,93359
120,Christine Mcknight,5328 Steven Lock,Lake Sydneyshire,36119
121,Michael Molina,6912 Potts Plaza Suite 096,North Elizabethville,40448
122,Maria Graham,756 Leslie Courts,Nicoletown,22982
123,Brandy Russell,907 Baker Trail Apt. 083,Torresborough,46743
124,Angela Griffith,0491 George Lights Suite 036,Loriton,74608
125,Jody Burns,712 Sullivan Forks,Smithchester,34988
126,Phillip George,1893 Stacey Mount,Masseyburgh,82342
127,Jacob Hoffman,0722 Lucas Forks,North Carlosfort,77560
128,Rickey Knight DVM,897 Wood Estates,New Jamiefort,78252
129,Rachel Yoder,06239 Carpenter Stream,Christinaside,78512
130,Don Collins,8484 Marshall Summit Suite 112,Lake Joshua,21681
131,Christopher Smith,9267 Michelle Creek Apt. 207,South David,02006
132,Bianca Jimenez,596 Angie Ville,South Justin,79427
133,Bryan Woodard,35424 Brittany Cove Suite 496,East Jeremy,41877
134,Lindsay Gray,5477 Smith Locks Suite 049,North Sheri,15389
135,Ethan Nelson,65338 Tyler Port Suite 196,Brookefort,01433
136,Janet Evans,929 Timothy Gardens Suite 638,South Jonathanbury,78175
137,Brian Morgan,70136 Philip Loaf Suite 044,Lake John,09560
138,Brian Boone,8495 Renee Glens,East Brandon,41240
139,Steven Carney,1771 Brittany Mission Suite 078,East Natashafort,78951
140,Chelsea Knight,560 Day Gardens Suite 662,Walkerhaven,24086
141,Morgan Howell,1295 Terri Tunnel Suite 883,Port Bonnieburgh,10252
142,James Fischer,5344 Jamie Passage,New Amy,10653
143,Ryan Hughes,0804 Lance Valley,Lake Christiefurt,61113
144,Michael Jones,472 Boyer Inlet,Port Jeremyville,96972
145,Kevin Scott,831 Robert Motorway Apt. 319,Nicoleland,32860
146,Marcus Hernandez,040 Hernandez Shore Suite 148,Lake Tonymouth,20406
147,Jason Harrington,9968 Kelly Vista,West Joshuahaven,71789
148,Douglas Davis,439 Olson Mount Apt. 681,Scotttown,74370
149,Sarah Scott,15105 Christina Shores Suite 728,Singhton,36041
150,Ronald Flowers,8723 Allen Rapids,Millerville,59160
151,Alison Owens,65891 Eric Parks,Taylormouth,64640
152,Justin Mcgee Jr.,67301 Smith Pine,Crawfordburgh,57915
153,Steven Clark,643 Jones Camp Suite 740,Davidmouth,01269
154,Dr. Melinda Alvarez,05433 Michelle Forge Apt. 943,Brandonland,60789
155,Dean Cobb,000 Ramirez Square Suite 347,Craigport,60827
156,David Miller,186 Nunez Garden,East Arthurshire,19392
157,Michelle White,6002 Gould Course Apt. 975,Chapmanport,48481
158,Sean Braun,470 Joshua Creek Apt. 747,Kirkton,90654
159,Mark Whitehead,34741 Willie Mount Suite 363,West Sherryfort,92269
160,Paul Small,65726 Phillips Fort Suite 503,New Samanthashire,06935
161,Dana Collins,350 John Drive,Port Ellen,66077
162,Alexander Ramirez,658 Huang Trail,Arellanomouth,25530
163,Mark Smith,66319 Jessica Park Suite 142,Stewartstad,55612
164,Michele Melton,3054 Maxwell Lights Suite 921,Port Rodney,20790
165,Joseph Sullivan,6532 Ethan Green Apt. 851,North Christopherville,50985
166,Elizabeth Clark,51143 Wright Bridge,North Ryantown,77130
167,David Skinner,1715 Jeff Curve,Lake William,67811
168,Bradley Martinez,32420 Russell Place,West Davidton,18565
169,Luke Gilbert,9645 Debra Meadow Apt. 160,Reevesfort,24908
170,Bryan Ramirez,371 Jill View Apt. 153,Juliaville,49800
171,Jason Hughes,81560 Elizabeth Viaduct,West Daleland,00643
172,George Vance,223 Silva Cliffs Apt. 239,Stevenchester,59444
173,Robert Mcdaniel,05268 Ramirez Ridges Apt. 227,Goodfurt,87008
174,Veronica Cherry,31499 Rebekah Rest Suite 746,Yvonnefurt,94076
175,Laura Dixon,0012 Crane Hills,Calderonfurt,99914
176,Jeremy Walker,2759 Morales Mall Suite 054,Jessicachester,55822
177,Jeffrey Davis,503 Castro Station Suite 935,South Benjamin,10399
178,Jason Wright,10574 Mary Rue Apt. 989,Jeffreystad,81297
179,Nicole Nguyen,894 Scott Stravenue Apt. 673,Hermanville,74090
180,Kara Sanders,27537 Victoria Loop Suite 734,Nathanview,10432
181,Carolyn Alexander,127 Adams Crossroad Apt. 682,Toddchester,00582
182,Amber Lee,0342 Katherine Ramp,North Christophertown,84179
183,Richard Powers,184 Bethany River,Jasontown,15626
184,Kendra Morris,15725 Jeffrey Key Apt. 614,Powersville,94708
185,Taylor Walker,78586 Sutton River,Richardhaven,20251
186,Tiffany Walker,269 Diane Knolls Suite 868,Douglasberg,02681
187,Brooke Yoder,939 Lee Harbor Apt. 785,Williamchester,44863
188,Kelsey Montoya,15815 Anderson Oval,New David,26892
189,Roger Powell,960 Paul Heights,Glassmouth,25039
190,Donna Soto,627 Kelly Forks,East Tiffany,47042
191,Jennifer Jensen,95010 Destiny Loaf Suite 652,Anthonyberg,36338
192,Carmen Yates,63006 Watts Corners,West Nicholasside,94784
193,Evan Jefferson,39780 Benjamin Union,East Barbarafurt,86349
194,Kristy Frank,0601 Carla Spurs Suite 134,Wilsonhaven,48069
195,Ronald Thomas,947 Armstrong Station,Antonioland,96735
196,Jill Arnold,130 Owen Haven,Mendezside,59160
197,Marie Turner PhD,45760 Kimberly Plains,Cynthiaburgh,49608
198,Ronald Mcclain DVM,3510 Elaine Courts,Reyesview,89374
199,Terri Love,14413 Lewis Run,Lake Sarahton,03141
200,Andrea Andrews,974 Christian Prairie Apt. 906,Port Christopher,33208
201,Taylor Armstrong,71526 Haley Tunnel Suite 915,Burnsberg,49898
202,Jackson Stanley,8454 Padilla Lock Suite 738,East Fernandostad,05203
203,Jordan Dudley,99634 Bates Neck,Brownshire,62044
204,Kyle Benson,6632 Leslie Manor,Crystaltown,33375
205,Rebecca Harmon,05209 Ramos Crossroad,West Robertotown,39152
206,Cynthia Woods,858 Brandon Inlet Suite 032,West Ericberg,64767
207,Michael Todd,88392 Jorge Parkways,Pamelaton,76561
208,Robert Holt,0753 Russell Lights Suite 545,East Michaelmouth,51746
209,Marc Hawkins,51257 Daniel Ranch,Andrewmouth,67951
210,Douglas Duran,68025 Carroll Ports Suite 999,Susanshire,74863
211,Brandon Brown,139 Kyle Corner Suite 515,North Heatherchester,83193
212,Andrea Edwards,614 Briggs Canyon,Brayhaven,15040
213,Tina Mendez,84620 Gregory Mountain,Kaisershire,05257
214,Eric Benton,442 Chelsea Key,Stonemouth,14192
215,Janet Herrera,980 Kristin Knoll,Jaimeborough,93719
216,Kathryn Oconnor,601 Dodson Terrace,Caseyborough,41206
217,Angela Green,8648 Wise Stream Suite 872,Port Kevinmouth,26270
218,John Scott,2332 Kimberly Ways,East Justinberg,20823
219,Jerry Allen,97436 Martin Greens Suite 539,West Krystalview,27618
220,Sarah Lee,658 Strickland Common,Quinnchester,90256
221,Cynthia Walters,4566 Susan Mission Suite 195,Jonesview,44948
222,Kaitlyn Barker,3658 Thomas Flats Suite 333,South Vincentville,90459
223,Anna Robinson,035 Hendrix Points Apt. 815,Lawrencehaven,03446
224,Rachel Thompson,60923 Juan Motorway Apt. 831,Pattersonshire,37102
225,Eric Wise,421 Mills Shoal,Dawnport,92106
226,Joshua Collins,2865 Jasmine Shoals,West Joshua,08471
227,Sean Prince,814 Sharon Stream,Brownport,63419
228,Sherry Tucker,0528 Williamson Ville,East Kevintown,13338
229,Dr. Tara Russell,16734 Edwards Springs Suite 054,Ronaldberg,58563
230,Jeffery Smith,30405 Megan Flat,Davenportfurt,98501
231,Marc Cruz,923 Trujillo Hollow,Keithbury,77845
232,William Shaw,16507 Michael Harbors,Karaton,35247
233,Alexander Middleton,6633 Catherine Heights Apt. 618,West Malik,59748
234,Crystal Moore,18313 Chelsea Row,Lake Nancy,92087
235,Gina Riggs,84818 Booker Circles Suite 278,Melaniefurt,64052
236,Julia Jackson,9939 Bennett Track Suite 359,Manuelmouth,79962
237,Deborah Russo,56945 Frances Canyon Suite 674,Thomasmouth,86120
238,Johnny Mejia,596 Corey Trace Suite 728,Lake Wayne,44545
239,Amanda Simpson,669 Herrera Plain,Port Brianna,92964
240,Melissa Johnson,55501 Darryl Stravenue Apt. 236,New Maryfurt,00588
241,Zachary Ramos,0453 Taylor Street Apt. 521,Youngchester,87288
242,Madison Burke,18692 Armstrong Hollow Apt. 533,Francoville,12468
243,Nancy Walker,93191 Brady Freeway Suite 601,Ingramtown,84756
244,Duane Hammond,38002 Mark Street Apt. 631,Barnesville,82641
245,Katherine Adams,993 Donald Pine,West Thomas,50903
246,Timothy Ortega,707 Johnson Isle,Smithshire,63370
247,Joseph Hoffman,90750 Randall Crescent,Robertborough,02719
248,Sarah Aguirre,04073 Woods Island,Bakerview,73123
249,Nathan Hall,60235 Anthony Village,Smithland,81399
250,Lynn Bell,40594 Johnson Isle Suite 689,Annafort,87506
251,Jennifer Parsons,347 Franklin Village Apt. 755,Williamsfort,78307
252,Brandon Barnes,4551 Myers Pine Suite 497,Martinmouth,07336
253,Joseph Barnes,34795 Johnson Mountains Suite 651,New Danielland,58964
254,Lindsey Carroll,8662 Pham Meadow Apt. 751,New Samanthabury,35635
255,Daniel Mckinney,829 John Views Suite 185,East Veronica,57144
256,Perry Webb,2675 Douglas Crest,Port Joyce,72233
257,Kimberly Wong DDS,987 Little Stravenue Apt. 254,Port Ryan,41838
258,Jeffery Watson,597 Nelson Freeway Suite 329,North Amanda,91536
259,Samantha Carter,7717 Miller Unions Apt. 765,Cynthiaton,33158
260,Robert Jenkins,7939 Small Ranch Suite 859,Arroyochester,61046
261,Rita Graves,2934 Norton Ports,New Barryborough,38845
262,Kyle Gonzalez,4447 Hardy Drives,Holtberg,47965
263,Jessica Davidson,45690 Travis Views Apt. 399,Hernandezfort,02976
264,William Harris,24963 Madison Shoal,Jonesview,27332
265,Jeremy Quinn,586 Baldwin Freeway,Charlesbury,30770
266,Susan Leon,340 Richard Throughway,Port Kristi,68148
267,Dylan Green,6271 Teresa Meadow,Port Jessica,79977
268,Tony Gonzalez,9941 Williams Plains,East Sarahberg,26672
269,Gavin Nelson,611 Jeffrey Light Apt. 715,Whitneyview,65239
270,Jessica Johnson,136 Heidi Neck Apt. 662,Melissahaven,76098
271,Ashley Henderson MD,8546 Benjamin Fords Apt. 408,New Andrewbury,43292
272,Darlene Choi,637 Mackenzie Road,Mercadoland,00809
273,Paul Rivera,394 Corey Centers,New Diamond,62848
274,Dr. Misty Murray,80328 Baldwin Avenue,South Daisy,23395
275,Michael Hunter,7372 Martin Inlet,Robertfurt,72957
276,Christopher Hernandez,241 Charles Mission Apt. 123,Sarahburgh,14408
277,Alicia Lawrence,01792 Kathy Inlet Suite 652,Holtmouth,19133
278,Brenda Johnston,88158 Heather Glens Suite 798,New Kyle,06308
279,Joseph Tran,0395 Jamie Station,Hardingfort,86581
280,Darlene Hickman,065 Timothy Court Suite 657,Yangchester,48188
281,Nicholas Parks,29555 Gregory Springs Suite 420,South Michael,57833
282,Mary Williams,77184 Kim Cape Suite 530,New Marilyn,79945
283,Derek Moran,67573 George Route,Caldwellmouth,14346
284,Robert Jackson,747 Julian Islands Suite 976,West Robert,32179
285,Judith Harrison,2267 Michael Drives,West Lynnville,98815
286,Amy Collins,6782 Linda Parkway Apt. 518,East Connietown,57883
287,Becky Ford,7285 Michael Hollow,Port Sandra,18691
288,Adrienne Ruiz,13971 Haney Freeway Apt. 961,Matthewburgh,44486
289,Frank Davis,49304 Nelson Junctions,West Christinaton,70158
290,Brianna Martinez,863 Susan Knolls,North Angelamouth,80992
291,Jason Pham,413 Griffin Garden,New Rickytown,69078
292,Michael Carpenter,988 Mcclure Street,North Craigland,32351
293,George Dalton,4147 Jones Plains,Wrighttown,45514
294,Jonathan Sparks,698 Cynthia Parkway,Lake Timothyview,91513
295,Christopher Garcia,1785 Sutton Forest Suite 568,Davidfort,32159
296,Russell Allen,9511 Amanda Crossing Apt. 871,Josephberg,87408
297,Jessica Lopez,311 Houston Parks Apt. 254,Castilloburgh,52570
298,Amy Herrera,85005 Burton Gateway,West Anthonyborough,41166
299,Alexandra Harris,13576 Hall Village Suite 201,Natalieville,83944
300,Jessica Henry,148 Shane Points Suite 358,Wrightstad,59414
301,Brenda Crawford,0004 Mclean Passage,Jodiside,72519
302,Jeremy Thomas,5131 Davidson Village Apt. 193,Houseberg,84750
303,Scott Williams,77253 Rhonda Lock,East Haley,79289
304,Elizabeth Livingston,49457 Rebecca Hill,Jessicamouth,15498
305,Thomas Mccarthy,443 Brandon Plains Apt. 056,Oliverfort,72889
306,Carol Mason,887 Curtis Throughway,Liufurt,25943
307,Anita Morales,3259 Mathews Ridges,Michaelside,09844
308,Paul Morgan,18613 Gallegos Parkways Apt. 755,Cassietown,89845
309,Ashley Oliver,417 Sanders Mission,Wellsstad,40521
310,John Rose,67943 Carney Branch,Russellberg,33559
311,Patrick Richardson,14758 John Spur Apt. 368,Port Desiree,68700
312,Dr. Antonio Ortiz,71732 Sheppard Keys Suite 887,New Jennifer,89992
313,James Freeman,23565 Terrence Meadows Apt. 990,Owensville,68741
314,Craig Herman,344 Howard Shore,Nicolefort,49330
315,Amanda Ibarra,28862 Newton Glens,Port Heather,65016
316,Lindsey Davis,42148 Samantha Road Suite 808,South Bonnie,41973
317,Stacey Townsend,9278 Shepherd Roads Suite 752,Port Joanside,13005
318,Christine Reynolds,186 Bennett Bridge Suite 741,Payneville,81357
319,Susan Alvarado,22969 Williams Fords Apt. 028,New Corymouth,73024
320,Carla Chaney,76397 Willie Turnpike,Lake Lee,02949
321,Erin Edwards,3332 Brittany Station Apt. 177,South Josephborough,97105
322,Desiree Harrison,6634 Jacqueline Run Suite 200,North Mary,58713
323,Benjamin Washington,90860 James Ways Apt. 268,Campbellville,25574
324,Darrell Alexander,409 Williams Center Apt. 090,Jacksonview,05601
325,Erika Walters,17960 Fuller Dam,Austintown,85493
326,Jeremy Johnson,311 Andrew Cove,Dickersonhaven,29757
327,Chad Shea,048 Cheryl Shores Suite 793,Lake Jeremyberg,38363
328,Samuel Harper,31585 Michael Hills,Port Theresastad,33932
329,Matthew Murphy,2060 Adam Meadows,Washingtonbury,30598
330,Isaiah Pace,36671 Johnson Crossing,North Elizabeth,00926
331,Christopher Hernandez,399 Serrano Drives,North Vincentville,86242
332,Steven Rice,384 Stein Crossroad,Wilkinsland,52413
333,John Santiago,871 John Loop Suite 502,North Darius,34186
334,Laura Watts,48035 Ayers Forge Suite 086,Duncanbury,87711
335,Kristen Young,4873 Sweeney Route,North Gregoryhaven,07315
336,Daniel Jimenez,50702 Monica Drive Apt. 732,Amymouth,96606
337,Jessica Brown,7697 Carter Fords Apt. 247,Michaelmouth,27801
338,Lori Jackson,833 Brenda Gardens,East Samuelfurt,16200
339,Melinda Davis,58991 Arias Valley Apt. 230,Port Rodneyshire,22144
340,Willie Martinez,4145 Duncan Mission,Mathewsberg,71812
341,Karen Cabrera,16544 Gomez Green,Port Brenda,07391
342,Deborah Davis,8335 Espinoza Harbors,West Paulton,35701
343,Chad Mays,2777 Davis Fields,Michelleport,71998
344,Sandra Harris,14193 Lisa Harbor Apt. 393,Lake David,66861
345,Jason Olson,582 Lindsey Roads Suite 006,Castilloview,57518
346,Brittany Kirby,467 Megan Prairie,South Jenniferhaven,55619
347,Michael Williams,1638 Jessica Meadow Apt. 797,South Marcus,27372
348,Yvette White,767 Justin Wells,Donnaburgh,71140
349,Keith Hicks,0112 Sarah Inlet,Simonburgh,27418
350,Amanda Graham,533 Michael Trace,Amandaview,29879
351,Teresa Lee,76766 Rangel Burgs,Jaredberg,26286
352,Valerie Gallegos,0683 Susan Harbors,Courtneybury,26812
353,Tyrone Garcia,67113 Cynthia Loop Suite 530,Lake Barbara,02908
354,Austin Caldwell,39947 Knight Mews,Johnfurt,00950
355,Jose Morales,76018 Cortez Prairie,Lauriestad,77929
356,Austin Mathews,81219 Amy Loaf Suite 891,Port Christopher,00684
357,Melanie Bell,20767 Stewart Prairie Suite 454,Johnfort,83184
358,Rodney Khan,80306 Harris Ports Suite 985,Michaelport,13435
359,Paula Lewis,5136 Andrew Walks Suite 356,Donnaton,15433
360,Maria Castillo,048 Mckay Manor Suite 470,Gonzalezchester,54749
361,Kevin Briggs,66271 Ayers Coves Apt. 196,South Deborah,46729
362,Justin Crawford,011 Erickson Drive Suite 048,Kevinfort,32230
363,Daniel Livingston,8706 Morgan Spur,Ashleyton,97193
364,Gabriela Winters,86798 Debra Lodge Suite 271,Michaelville,39828
365,Jeremy Hurley,21321 Robert Locks,Bryceshire,75625
366,Brian Johnson,25704 Miller Pine Suite 510,Vanessaburgh,92902
367,Mr. James Richards,1637 Myers Brook Suite 707,Port Ronaldland,70212
368,Scott Brown,86238 Landry Brooks Suite 015,Port Danielborough,63798
369,Mary Murray,5768 Dean Plains Apt. 875,South Joseph,69745
370,Carolyn Phillips,98653 Bennett Manor,Charlesbury,31741
371,David Moreno,7987 Turner River,New Chrischester,73480
372,David Jackson,133 Michael Hills Apt. 292,East Harold,55766
373,Collin Stevens,2404 Virginia Lights,New Aprilville,49878
374,Eric Brooks,723 Joshua Landing,North Mollyland,50883
375,Joshua Ferrell,4015 Mcknight Corners Apt. 823,North Jacobton,75735
376,Julie Gross,67074 Penny Common Apt. 439,East Kathy,22354
377,Dawn Zamora,426 Johnson Orchard Apt. 747,Ebonymouth,18267
378,James Olson,425 April Way,South Robertton,86431
379,Jordan Buchanan,63242 Hale Ridge,Amandachester,02447
380,Sheila Mayer,3034 Patricia Expressway,East Stephen,91413
381,Mark Bennett,191 Christopher Brook Suite 878,Simpsonburgh,90642
382,Tim Lopez,312 Nicholas Courts Apt. 482,East Steven,35405
383,Peter Thomas,24916 Jennifer Wall,Charlesbury,72293
384,Donald Jenkins,091 Wilkerson Flats,North Gregoryside,32996
385,Mason Powell,0046 Lawrence Corner Apt. 032,Lake Mario,47208
386,Leslie Weaver,922 Hubbard Union Suite 337,North Derek,63668
387,Jennifer Crawford,54967 Maxwell Trail,Georgehaven,08309
388,Erica Williamson,7139 Robinson Pike Apt. 998,Clarkfort,04472
389,Andrew Ryan,3127 Mcdonald Run Suite 850,East Michael,80977
390,Jasmine West,617 Tommy Street,South Amberview,71353
391,Jason Day,16270 Jack Islands,East Lauren,68404
392,Matthew Kelly,2298 Jeffrey Stream Suite 662,Ralphbury,25573
393,Christine Estrada,25472 Cook Alley Apt. 511,New Annbury,94764
394,Grant Jacobson,9747 Fitzgerald Fort,Port Ronnie,55019
395,Thomas Phillips,848 Jessica Rue,South Charlesshire,67692
396,Darryl Wilson,8750 Hill Trace,Washingtonville,34456
397,Richard Singh,7662 Sharon Fords Suite 959,Carlosmouth,96232
398,Max Patton,08336 Beasley Rue,Garciachester,35840
399,Whitney Rubio,60858 Cox Valley Apt. 889,Shorttown,16728
400,John Garcia,122 Martin Flat,Leahton,91412
401,Nicole Adams,56912 Russell Wall,West Jacquelinefort,28241
402,Laura Lowe,2755 Kevin Light,South Christopherton,55380
403,George Perez,612 Christina Run,Port Angelaside,37650
404,Stephen Burgess,6421 Francisco Keys,Port Christopherton,70125
405,Kristina Hill,637 Ashley Prairie Apt. 220,Vickiborough,69683
406,Lance Jennings,89111 Tyler Coves,Lake Brian,26088
407,Casey Wilson,17403 Dylan Glen,Howellhaven,74654
408,Nicole Roberts,1816 Joel Trail,Lake Codyshire,77084
409,Ryan Reilly,55206 Marsh Spurs,Port Catherineton,01520
410,Sonya Clark,5997 Robert Extension,New Heather,99337
411,Bryan White,7209 Roger Isle,West Joanneton,00511
412,Katelyn Barnett,256 Stacy Crescent Suite 114,Lake Deborahstad,88185
413,Michaela Ferguson,54627 Campos Forges Apt. 113,Mooreton,79002
414,Angel Shelton,33284 King Parkway Apt. 983,East Ryan,06968
415,Erik Wilson,1515 Christopher Trace,Pamelafurt,72453
416,Michael Graves,58714 Miller Fall Apt. 899,West Marcusborough,94908
417,John King,33350 Deborah Square Suite 357,North Jackfurt,29459
418,Taylor Floyd,0618 Dana Summit,Tylerview,59957
419,Amy Johnson MD,9166 Martinez Trafficway Suite 726,Rodriguezton,06708
420,John Anderson,9697 Brandon Loaf Suite 038,New Michele,33477
421,Walter Flynn,111 Meghan Freeway,South Randyville,11320
422,John Evans,70330 Andrea Street Suite 607,Robertfort,27398
423,Thomas Barnett,989 Karen Village,South Keithchester,94452
424,Thomas Swanson,036 Carolyn Island,East Ryan,35325
425,Randy Barrett MD,33231 Hill Fall Suite 882,Carrilloland,00878
426,Mark Nelson,699 Hooper Branch,Janethaven,04140
427,Jeffrey Pierce,9803 Jeffrey Bypass,Bryanthaven,06005
428,Tyler Jenkins,514 Smith Point Apt. 448,Port Ann,63930
429,Tamara Mcknight,58180 Curtis Land,Maryview,42025
430,Carlos Thomas,5778 Christine Route Suite 013,Davidmouth,07617
431,Danielle Valencia,020 Garcia Lodge,Beanburgh,48510
432,Jamie Howell,5178 William Forest Apt. 736,Kathyfort,80957
433,Michael Owens,478 Gibson Overpass Apt. 037,Mendozamouth,94357
434,Brian Cantu,299 Priscilla Gateway Suite 673,New Kiaraland,34601
435,Morgan Stanley,8021 Miller Oval Suite 753,New Whitney,53803
436,Thomas Hunt,91020 Garza Stravenue,West Tonymouth,88327
437,Lisa Joseph,92535 Angela Flat Apt. 754,Nicolehaven,53455
438,Gregory Smith,5645 Robinson Island,West Danielshire,23916
439,Brent Meyer,174 Owens Glens,Port Kristen,68827
440,Stacy Thomas,86432 James Corner Apt. 121,Lake Reginaside,32016
441,Ms. Melissa Cobb,4291 Elizabeth Vista Suite 138,Lake Michele,46699
442,Carolyn Baker,37742 Jones Branch,South Nicholas,13030
443,Meghan Jones,34659 Edwards Springs,West Veronicaburgh,56351
444,Martin Pope,637 Benjamin Burgs,East Michaelstad,92382
445,Timothy Bryant,01235 Dunn Fork Suite 886,West Alexandra,03430
446,Wanda Howard,245 Cynthia Groves,South Kayla,07373
447,Richard Bishop,1478 Cathy Coves Apt. 368,East Vincent,48965
448,Tammy Montoya,0993 Jennifer Mall,Kimberlyburgh,59783
449,David Martinez,8521 Scott Crossing Suite 915,New Alexanderfurt,80800
450,Kevin Salinas,523 Schmidt Road,South Kelly,26299
451,Lisa Burton,97782 Jessica Neck,Dawsonburgh,10874
452,Ethan Mckay,997 Julia Garden Suite 458,Ashleyhaven,24495
453,Andrew Grimes,56831 Cameron River,New Diane,64906
454,Robert Hickman,315 Nathan Place Apt. 415,East Lisa,38404
455,Amy Middleton,222 Patrick Shores,New Jeffreyfort,87205
456,Mitchell Wise,509 Gallagher Squares,West Steventown,77402
457,Kellie Simpson,987 Gray Islands Suite 807,West Jonathanmouth,99925
458,Eric Gardner,32696 Joel Rue Apt. 214,East Loriside,15547
459,Amanda Johnson,46639 Jones Flat,Kingview,22260
460,Lisa Leonard,432 Flowers Circles,Brandiport,97450
461,Kara Zavala,1606 Clark Loaf,Port Sarah,06755
462,Donald Hoffman,924 Patricia Station,Maddenville,40812
463,Scott Davis,02785 Angelica Vista,North Kelly,80161
464,Joan Gibson,890 Courtney Way Suite 152,Lake Richardchester,52771
465,Susan Coleman DVM,6931 Murphy Squares,Heidiport,94356
466,Jerry Sanchez,9247 Harvey Key,West Shannonburgh,09277
467,Ashley Harvey,761 Santiago Street Suite 056,South Carlos,45498
468,Maureen Peterson,50911 Roger Walk,Angelaburgh,21365
469,Jesse Thomas,58255 Jones Key,Russellbury,06320
470,Danielle Edwards,20400 Baird Wall Apt. 894,North Carl,35286
471,Eric Taylor,4159 Katrina Knolls Apt. 709,Port Lisa,33326
472,Susan Campbell,1595 Sandra Glens Apt. 313,Wadehaven,21099
473,Scott Vega,43243 Laura Terrace Apt. 446,Baldwinbury,17412
474,Rita Jones,7069 Flores Hills,Ginaberg,31497
475,Jessica Kirk,693 Vanessa Pine Apt. 950,Angelabury,54597
476,Melinda Thompson,208 Elizabeth Course Apt. 477,Brittneyfurt,93059
477,Tracy Buck,359 Derek Skyway,East Donaldberg,14699
478,Evan Contreras,43160 Alex Viaduct Apt. 805,Lisaville,74066
479,Michelle Dunlap,53080 Laura Vista,Port Kelsey,79555
480,Mary Gomez,143 Charles Ports Apt. 765,Englishchester,42297
481,Mary Martin,31573 Kimberly Center Suite 942,Christopherville,16657
482,Jennifer Ramirez,429 Bowen Ville,Johnshire,92036
483,Bryan Johnson,43561 Joseph Mountain Apt. 419,Chloeside,56075
484,Linda Howell,68775 Sarah Vista Suite 386,South Crystal,54847
485,Vickie Palmer,5973 Barnett Court,Kaylaland,81399
486,Carl Weiss,69029 Evans Forge Suite 913,Ericmouth,78613
487,Shannon Brown,27533 Larson Crescent,New Clayton,14132
488,Kimberly Palmer,24172 Amanda Shores,Carlsonview,82465
489,Gary Ray,040 Gilmore Camp,Whitechester,20253
490,Scott Davis,0777 William Square Suite 356,North Elizabethton,43191
491,Gail Gilbert,9116 Thomas Spurs,Hernandezchester,79775
492,Martin Mcfarland,9953 Williams Land,East Christopherstad,33595
493,Stephen Rodriguez,977 Williams Shoals,New Kathryn,84942
494,William Fisher,46655 Michael Unions Apt. 025,Port Andrew,56164
495,Andrew Robinson,921 Denise Viaduct Suite 181,New Bryan,76509
496,Roberta Martinez,053 Sarah Square Apt. 316,East Laurenland,71593
497,Jason Nielsen,68941 Lee Ridge,Hunterborough,40157
498,Megan Parrish,299 Ryan Divide,Lake Philipport,95240
499,Kimberly Russell,9469 Mills Spurs Suite 063,West Samantha,12145
500,Christina Dickerson,7369 Joseph Shoal,Port Kimberlyberg,66674
501,Kevin Oliver,444 Rebecca Street,Port Cassandra,32444
502,Theresa Waters,63603 Spencer Spur,Jonesville,82442
503,Ronald Morris,195 Ward Stream,Simpsonton,16484
504,Alexis Turner,102 Samantha Expressway,North Katie,48390
505,Kayla Larson,47171 Bryan Avenue,Port Garyville,85259
506,Christine Martinez,532 Melanie Underpass,Kaylaport,66249
507,Ronnie Stewart,9719 John Meadows,Reillyview,46201
508,Kim Campbell,375 Martinez Mount,Jerrymouth,52477
509,Donald Harris,34452 Norton Mills,West Elizabethland,97655
510,Paul Clay,84671 Richard Spring,Derekborough,71891
511,Grace Knight,6910 English Forks Suite 702,Monteston,77941
512,Robert Holden,137 Vincent Summit Apt. 423,Garrisonport,04148
513,Denise Garner,24024 Rivas Island Suite 838,Tonyside,26951
514,Dakota Wood,319 Valerie Forge Apt. 702,Robertsborough,16376
515,Victoria Cannon,736 Wright Mountains,Laurenville,72483
516,Rita Bell,847 Christina Well Apt. 809,East Rebecca,96594
517,William Lynch,3357 Jennifer Corners,Lake Christopherville,20259
518,Jenna Archer DDS,573 Butler Meadow Suite 462,West Raymond,21710
519,Cheryl Rogers,20244 Daniel Stravenue Suite 139,Stephaniemouth,97082
520,Bryan Mccall,10972 Larry Inlet,Lake Corey,12363
521,Katherine Lutz,166 Woodard Mountains,North Dawnton,38642
522,Susan Stanley,6678 Michael Row,New Seanport,59870
523,Nicole Le,85630 Omar Forest,New Davidton,92673
524,Ryan Nguyen,085 Stephen Locks Apt. 893,Darleneside,89522
525,Rebecca Harris,307 Wang Shores,East Rickland,56139
526,Jared Beasley,8601 Ray Grove Apt. 935,Bradshawton,60662
527,Jamie Hayden,833 Miller Route Suite 191,Perezville,60386
528,Timothy Eaton,95953 Christopher Forge Apt. 713,East Carlosville,23680
529,Cassandra Daniels,05504 Tucker Road,East Danielle,29017
530,William Lewis,5035 Dana Knoll Apt. 089,South Sydneyfurt,53958
531,Susan Hernandez,93244 Osborne Mill Apt. 432,West Nicoleport,72892
532,Emily Miller,44962 Jones Stream Suite 669,Amandaport,13685
533,Angela Adams,21217 Davidson Spring Apt. 958,Caseyport,82895
534,Nicholas Clark,1019 Natalie Meadow,Tammyshire,09672
535,Katherine Lopez,497 Russell Park Apt. 529,Wrightview,52015
536,David Barrett,5355 Johnson Key,East Robertshire,37539
537,William Malone DDS,5110 Rivera Cape,New Justin,82320
538,Debra Decker,3989 Troy Island,Butlerview,65561
539,Kimberly Walker,50320 Jennifer Burg,Port Maureenton,95771
540,Ryan Bartlett,65309 Kelly Pine,Ianview,64299
541,Stephanie Dunn,220 Fields Fort Suite 030,Port Ashley,09752
542,Jacob Sullivan,1877 Copeland Fort,Lake Sharonborough,46006
543,Adrian Daniel,254 John Viaduct Suite 947,Smithberg,76196
544,Michael Owens,3445 Shane Key,Fosterside,41116
545,Andrew Harding,90065 Esparza Avenue,Castroville,29934
546,Wayne Jordan,75708 Austin Fall,Jeffreyshire,97882
547,Shelly Hale,393 Daniel Courts,Port Chase,02526
548,Rachel Davis,9320 Brian Key,New Williamton,79887
549,Jennifer Petersen,9800 Medina Forks,East Wendy,14306
550,Kristin Welch,333 Chen Camp Apt. 955,South Sandrastad,87615
551,Charles Lee,21579 Billy Drive,Huffmanchester,71493
552,Rebecca Carr,972 York Hills Apt. 028,Colinshire,98035
553,Catherine Chase,82296 Bailey Street Suite 901,Port Suzannestad,71304
554,Larry Baker,175 Ashley Lakes,Lake Ashleyburgh,86499
555,Chloe Blanchard,705 Mathis Passage Apt. 586,Dudleyport,92279
556,April Powell,183 Burke Forest,West Christophermouth,72651
557,Steven West,644 Paul Circle Suite 708,North Timothy,86110
558,Samantha Mills,882 Evans Keys,West Heather,63256
559,Christina Williams,51202 Abbott Way Suite 494,Port Samanthaville,35583
560,Jessica Carter,1738 Jennifer Mountain,West Andrew,66831
561,Geoffrey Park,23976 Williams Ferry Suite 430,North Melinda,64903
562,Adam Robinson,7601 Jessica Trail,Port Josephtown,74164
563,Curtis Mcintosh,4097 Mark Passage,Dixonbury,51353
564,Laura Duncan,765 Nicole Falls,Charlesview,86487
565,Jessica Rodriguez,16466 Mcdonald Hollow Suite 324,Roberttown,73512
566,Colleen Scott,1630 Stephen Ridge,Lake Tonyaport,72253
567,Brenda Ramirez,256 Emily Falls Suite 689,North Jorgetown,05928
568,Luis Miller,3348 Ramirez Unions Apt. 946,Port William,11342
569,Laura Baker,12474 Munoz Flat Suite 852,East Scottchester,67156
570,Angela Morales,0693 Adam Expressway Suite 856,Jamestown,33325
571,Jamie Cooper,1106 Stephenson Plain Suite 389,New Kyletown,15173
572,Catherine Strickland,1443 Young Path,Marksberg,31832
573,Jason Valdez,3113 James Loop Suite 309,South Joeton,37410
574,Janet Rich,1086 Frank Roads,North Timothyside,53516
575,Lauren Johnson,510 Ruiz Island Suite 282,New Amy,27969
576,Ricky Vazquez,35631 Moore Springs,Larsenmouth,10139
577,Steven Hogan,92025 Mia Canyon Suite 675,Bookerport,08666
578,Mr. Sean Gill,872 Anderson Junctions Apt. 580,Justinbury,01490
579,Michelle Mccoy,04936 Mathew Unions Apt. 870,Rickyside,27229
580,Samantha Fisher,513 Jonathan Oval,Lake Thomasville,17804
581,Scott Becker,2510 Brandon Parkway Suite 316,South Madisonmouth,63333
582,Christina Gutierrez,1349 Joshua Neck Apt. 430,Newmanchester,14610
583,Kristin Jackson,52418 Porter Corners,Port Johnport,71284
584,Michael Nelson,263 Williams Mountain Apt. 916,Tammystad,56692
585,Ryan Garza,32785 Johnson Manors,Copelandshire,90865
586,Daniel Donaldson,16488 Ware Locks,New Heatherborough,43178
587,Dawn Fuller,18669 Evans Square Apt. 885,Karenfurt,15357
588,Joshua Maddox,026 Wright Crescent,East Adammouth,82016
589,Nicole Turner,7933 Collins Radial,Loriton,86806
590,Justin Whitaker,0083 James Mall Suite 292,North Oliviaberg,55621
591,Michael Chaney,81717 Rachel Rue,Port Christopher,57057
592,Jeffrey Simon,9461 Reed Drive,Gilmorebury,11712
593,Richard Perez,79582 Donna Ville Suite 420,South Tara,51681
594,Michael Hernandez,5509 Justin Village,East Mark,44737
595,Julie Tate,72558 Matthew Ramp,West Lindatown,57555
596,Ariel Alvarez,406 Dennis Burgs,Elizabethchester,42569
597,Christopher Bartlett,1455 Soto Square Suite 873,Michelleland,22286
598,Patrick Hunt,27949 Jacob Mews Suite 002,East Davidfurt,49847
599,Dr. Andrea Rocha,014 Brooks Via,Hobbsfort,31614
600,Steven Woods,5517 White Keys Apt. 344,Lake Joechester,83575
601,Amanda Washington,66117 Collins Cape,Ricefurt,87095
602,Dylan Rosales,138 Morris Route,West Tonya,99091
603,Lauren Elliott,22989 Chad Field,Henrybury,53905
604,Shannon Mcfarland,29418 Marie Stravenue Suite 042,East Ericton,12768
605,Teresa Taylor,351 Timothy Common,Santiagoborough,32122
606,Pamela Mccall,54459 Whitehead Street Apt. 726,East Donna,67228
607,Dana Crawford,413 Lisa Port,North Cesar,07213
608,Rebecca Graves,1654 Rodriguez Curve,Port Jeffrey,96921
609,Parker Summers,383 Megan Fields Suite 581,North Destinyville,70648
610,Rachael Tucker,48153 Cameron Ville Apt. 421,North Ashleyhaven,40119
611,Brett Martinez,2795 Lauren Vista,West Williamfurt,36930
612,Don Hughes,93828 Rivera Track Apt. 713,Clementsfurt,22410
613,Julie Lee,10074 Spears Square,North Christopher,22072
614,Stacy Johnson,8558 Mccarthy Port Apt. 649,New Brandon,57913
615,Michelle Cooper,44552 Seth Parks,New Alexandriahaven,30162
616,Emily Humphrey,589 Lee Villages Suite 656,South Michaelachester,11221
617,Kenneth Perez,3392 Cervantes Mews Apt. 009,Adamside,78493
618,John Reed,7966 Jose Cliffs,Huntershire,72509
619,Olivia Carter PhD,90101 Dale Hills Suite 868,West Juanchester,03352
620,Jordan Martin,8362 Nicole Manors,Port William,65026
621,Laura Bates,244 Curry River Suite 021,New Blake,51924
622,Melanie Herrera MD,368 Anna Throughway Suite 254,Port Lisa,17658
623,Eric Rogers,629 Kramer Hills Suite 284,Jamesfurt,53504
624,Kenneth Brooks,794 Eric Extension Suite 191,North Eric,74448
625,Kara Hernandez,0443 Walters Villages,Harmonburgh,96990
626,Matthew Vargas,5215 Heather Street Apt. 154,West Jenniferburgh,08634
627,Christopher Vega,476 Stewart Land Suite 916,Greenview,23822
628,Scott Brown,9906 James Wells,West Amy,97187
629,Andrew Owens,5633 Bates Loaf,Bradleyberg,89343
630,Lauren Proctor,5950 Singh Port Apt. 404,Harveystad,87991
631,Shawn Smith,8557 Laura Junctions,Elizabethbury,43908
632,Shelby Ortiz,35202 Jones Knolls,North Thomaston,58313
633,Kristi Smith,5374 Ford Expressway Suite 597,Catherineport,68300
634,Jennifer Patterson,3674 Jason Flats,Lauraborough,48715
635,Brenda Humphrey,1031 Hill Haven,Bakerhaven,95614
636,Steve Rodriguez,1642 Adrian Key,Kington,19415
637,Scott Smith,434 Hodge Lake,East Suzanneton,40029
638,Jill Nelson,6789 Courtney Drive Suite 822,Amberfurt,03771
639,Debra Park,128 Yoder Vista Suite 191,New Jose,75821
640,Lindsay Garza,908 Hoffman Grove Suite 711,Bryantburgh,85606
641,Diane Perry,844 Cameron Motorway,East Jacobmouth,75415
642,Vincent Brock,917 Joshua Creek Suite 524,Port Kevin,77821
643,James Douglas,64708 Paul Lodge,North Ryanmouth,18130
644,Taylor Miller,60255 Taylor Island,Rebeccachester,50032
645,Leslie Martinez,501 James Islands,Jasonview,83977
646,Tyler Scott,108 Sharon Manors,New Sarah,65570
647,Erin Smith,84154 Jenkins Mission,Vickiport,00941
648,Shannon Espinoza,79361 Bell Viaduct,Port Clayton,84752
649,Dawn Baker,64115 Denise Shores Apt. 580,Scottberg,41529
650,Lisa Myers,686 Phillips Dale Apt. 006,Carterside,92801
651,Susan Johnson,079 Avila Walk,New Andrew,90885
652,Craig Lopez,85761 Samantha Stream Apt. 351,East Lisa,98280
653,Sheila Murphy,880 Brandy Overpass Apt. 513,Isaiahbury,18218
654,Tonya Guerra,6066 Williams Tunnel,Malikstad,17223
655,Cindy Jones,97141 Sharp Knoll,Hinesberg,05218
656,Brian Quinn,8187 Williams Skyway Suite 952,South Oscarshire,38416
657,Kathy Copeland,527 Jensen Mountains Suite 324,Danielleton,64869
658,Brad Collins,7304 Jennifer Ports,New Jack,65460
659,Sabrina Becker,760 Erickson Throughway Suite 466,Lake Brookeshire,31047
660,Mariah Williams,1319 Smith Ferry Suite 828,North Benjaminmouth,35855
661,Jermaine Leonard,4531 Nicholson Knoll Apt. 793,North Timothy,54356
662,Tammy Farrell,6483 Campbell Gardens,East Derek,48940
663,Timothy Wang,8878 Davis Ports,Johnstonport,69358
664,Lisa Copeland,60826 Stewart Centers,West Brittany,24677
665,Zachary Martinez,373 Edwards Groves Apt. 411,Madisonmouth,38491
666,Connor Miller,173 Espinoza Brooks Apt. 135,West Kyletown,19684
667,Tammy Mitchell,54317 Garcia Shores,Carriemouth,13545
668,Scott Richardson,04140 Rivas Shores Suite 955,Perryfort,13352
669,Brittany Wilson,04887 Sarah Junction Suite 573,West Kennethfort,57732
670,Teresa Harris,7677 Oneal Square,East Samuelbury,62068
671,Jessica Miller,0991 Walsh Groves,West Garretthaven,66691
672,Debra Davis,30314 Skinner Well,South Jason,79162
673,Joshua Medina,8606 Brandon Garden Apt. 723,East Josephport,73175
674,Joseph Mahoney,6825 Hale Estates,East Michaelmouth,99221
675,Valerie Mcclure,388 Nicole Rue,Wesleyberg,40861
676,Stephanie Benjamin,56425 Hernandez Glen,East Rhonda,36240
677,Holly Dawson,066 Carter Vista,Oliviahaven,08962
678,Rebecca Thomas,3580 Robertson Pike,Lake Becky,31651
679,Ronald Schneider,3508 Sarah Drive,West Amyfurt,05052
680,Lisa Pham,737 Olson Trail,Tuckerfort,38113
681,Karen Martin,776 James Summit Apt. 513,Lake Jeffreyhaven,69476
682,Brandon Campos,478 Darrell Shore Suite 528,West Toddborough,76631
683,Adrian Howell,4780 Rush Shore,South Mariashire,47987
684,Cynthia Reynolds,3157 Duke Island Apt. 577,North Amandatown,24283
685,Dominique Wilson,660 Robinson Heights Apt. 870,South Sandra,03750
686,Brian Smith,745 Brown Burgs,Grayside,13032
687,Rose Curtis,714 Ray Key Apt. 467,Lake Nancymouth,14479
688,Yolanda Blackwell,366 Graves Streets Suite 937,Port David,84442
689,Christopher Wolfe,3376 Chang Greens Suite 101,Thomasstad,07671
690,Heather Adams,28521 Cross Bypass Suite 003,West Sandraberg,54249
691,Laura Pearson,273 Gray Island Suite 278,East Stevetown,38868
692,Melissa Nelson,99980 Turner Forest,Mariahaven,38105
693,Alyssa Anderson,0509 Tucker Groves,Williamton,43137
694,Daniel Carter,99918 Bullock Ranch,West Leslie,80970
695,Stacy Perkins DVM,49606 Latasha Light Suite 569,New Charles,10419
696,Michael Sanders,30859 Peter Turnpike Apt. 544,East Danaside,82094
697,Karen Lopez,36145 Jacobs Dam,North Linda,59404
698,Alison Garcia,87596 Amy Cove Suite 311,Port Tyrone,16065
699,Jennifer Smith,38168 Gibson Grove Apt. 518,Whitneyside,84912
700,Mark Chambers,64669 Lisa Rue,Pamelaside,18204
701,John Mitchell,49336 Swanson Estate,Markhaven,67408
702,Anna Coffey,8909 Margaret Oval Suite 008,Stephenport,77064
703,Megan Beck,03691 Francisco Inlet Apt. 044,Gibsonfort,51917
704,Joshua Santiago,2486 Christine Avenue,Danielville,70219
705,Brian Smith,4596 Victoria Camp,Lake James,55443
706,Travis Buchanan,870 Michael Mills,Nicoleton,90460
707,Patrick Flores,6828 Newman Forge,Danielfort,48851
708,Jenny Turner,242 Jackson Wall,South Tiffany,69669
709,Lisa Gross,18548 Morgan Street Apt. 427,Lake Franciscochester,52231
710,John Mcintyre,6349 Jean Forks Apt. 755,New Shane,35542
711,Wyatt Bradley,02324 Mccarthy Islands,Port Amyfort,71304
712,Cynthia Lawson,172 Lee Island,North Johnberg,15842
713,Howard Conway,139 Sharon Skyway,Christopherfurt,89995
714,Joshua Henry,73045 Chavez Cove,Port Justin,76724
715,Kimberly Gomez PhD,231 Patricia Light,Lake Sarahside,29294
716,Ashley Fischer,3926 Myers Station Suite 395,Mollyport,87858
717,Dean Smith,628 Rowland Motorway,North Kristina,88038
718,Holly Wright,80399 Gonzalez Rapids Suite 793,North Kristen,41433
719,Terry Bradshaw,998 Jessica Mountain,New Shannonport,83683
720,Richard Peters,58628 Wanda Lodge,West Dale,42118
721,Peter Bell,8736 Aguilar Port Suite 318,Maryfurt,86831
722,Cameron Horne,420 Page Village Suite 846,Angelfurt,47467
723,Laura Smith,00993 Powell Spurs Apt. 965,Garciafurt,25330
724,William Harmon,78292 Kathy Isle,Anthonyshire,16477
725,John Burns,191 Catherine Mill Suite 158,Port Robertland,76643
726,Kyle Williams DVM,4916 Julie Locks Apt. 716,Angelaton,75343
727,Jonathon Christensen,577 Chavez Inlet,South Sabrinamouth,38321
728,Samantha Rhodes,014 Lane Turnpike,North Charles,69195
729,Dr. Kellie Mcclure,84908 Benjamin Prairie Suite 280,New Angelaborough,53281
730,Misty Cardenas,81053 Kennedy Station Apt. 817,Adamsburgh,31315
731,Allison Johnson,24463 Erica Prairie Suite 465,Jasonberg,66209
732,Katrina Meyer,94987 Sanchez Shoal,North Brendan,48906
733,Raymond Cain,9239 White Knolls,East Rachel,50534
734,David Lloyd,35551 Collier Plain,Jeremyfurt,07779
735,Heather Schmidt,72893 Melissa Wall Suite 048,Markbury,52064
736,James Gonzalez,9490 Adkins Center,Port Maryton,54200
737,Monica Shaw,194 Kimberly Burg Apt. 597,Singhstad,37644
738,Daniel Robinson,203 Murphy Trace,Marioview,41314
739,Rebecca Stephenson,832 Brandon Port,Alexandermouth,29257
740,Sherry Perry,698 Carson Overpass Apt. 990,South Amandaport,79938
741,Michael Bowman,186 Moyer Trace Suite 055,Riveraland,41064
742,Elizabeth Crawford,07160 Silva Crest,Hillton,33953
743,Courtney Matthews,401 Anderson Trace Suite 835,Jessemouth,42193
744,Anthony Jacobs,43534 Jonathan Motorway Suite 073,Port Wendyfurt,97505
745,Paul Wall MD,7240 Abigail Camp,Fullermouth,63624
746,Wayne Jones,142 John Burgs Apt. 787,Thomasside,47531
747,Kenneth Jones,7765 Brian Fort,Johnfort,35010
748,Elizabeth Dickson,997 Thomas Trail,South Julianburgh,40550
749,Daniel Walker,17316 Kimberly Avenue,Barkerborough,25022
750,James Lee,7265 Turner Plain Suite 573,North Heatherbury,99505
751,Martha Ramsey,60755 Thomas Station Suite 075,Lake Joshuaborough,21029
752,Dr. William Green,3688 Albert Cliffs,Richardborough,65707
753,Derrick Trujillo,240 Clinton Prairie,North Robert,49966
754,Katherine Novak,68262 Teresa Prairie,Campbellport,88323
755,Alexis Knight,4575 French Lane Apt. 565,East Mitchell,93818
756,Michael Murphy,73584 Weaver Landing Apt. 981,New Katiefurt,77441
757,Bryan Simmons,6356 Armstrong Forest Apt. 767,New Dawnside,45209
758,Pamela Smith,9473 Mark Rapid,Mcdanielshire,40495
759,Kelly Mendoza,871 Ford Divide,New Lauriefort,69914
760,Tracey Oliver,85393 Evans Viaduct,Port Jackieside,73230
761,Eileen Blankenship,43989 Ramos Vista Suite 792,West Elizabeth,49757
762,Tracy Noble,430 Peter Cliffs Apt. 507,New Christina,54603
763,Jeffrey West,150 Katherine Shore Suite 010,East Kimberlyborough,03825
764,Tara Stone,53572 Mckinney Fort Apt. 577,South Michael,15343
765,Jocelyn Holmes,919 Heather Lights Suite 336,West Luis,58949
766,Whitney Nguyen,7745 Nielsen Roads Suite 924,Thomasside,21449
767,Wayne Gordon,6513 Jennifer Turnpike Suite 904,Jenniferhaven,59355
768,Brenda Medina,6551 Jessica Freeway,West Markfort,44283
769,Lisa Simpson,250 Jenkins Harbors Apt. 217,Rogersfurt,38540
770,Miranda Jackson,2969 Lambert Place,Tarashire,40558
771,Lee Wilson,70213 Anderson Dale,New Robertfort,90123
772,Howard Ho,9223 Kim Walks Apt. 496,Tammyview,88581
773,Carolyn Watson,2282 Erika Islands,Rosebury,85028
774,Kelly Robertson,185 Calderon Field,Harperberg,69815
775,Alicia Smith,7404 Michael Throughway Suite 911,North Natalie,36739
776,Elizabeth Griffin,910 Smith Walks Suite 755,New Cameronfort,23425
777,Brandy Harper,89623 Foster Spurs,Hectorbury,74633
778,Jacqueline Bell,709 Wilson Bridge,Lake Peter,11953
779,Kristin Patrick,995 Patrick Coves Suite 088,Johnton,12693
780,Mr. Richard Bell,8288 Maria Passage,Peterhaven,74478
781,Jesse Clark,62707 John Radial Apt. 065,Port Annbury,29368
782,Rebekah Hays,3856 Donna Underpass,North Leslie,81566
783,Megan Monroe,023 Dickson Mills Apt. 141,West Ashlee,95561
784,John Miller,243 Jones Streets Apt. 891,Adamstown,94152
785,Sean Baker,97365 Julie Plains Suite 521,Josephport,18398
786,Anthony Santos,8460 Beck Rapids,Port Lauren,61810
787,Christopher Flores,562 Zachary Club Apt. 540,Richardfurt,54519
788,Jennifer Foster,96377 Bowman Burg,Port Lindamouth,54624
789,Timothy Walker,72477 Gamble Mount Apt. 574,West Thomasside,17368
790,Lawrence Fry,081 Garrett Landing Apt. 716,Lake Emilymouth,12772
791,Ronald Cole,2194 Sean Valleys Apt. 693,Torreshaven,04589
792,Kristin Johnson,134 Roberts Spring Suite 452,Port Andrew,52618
793,Aaron Krause,03559 James Flat,Wilsonbury,15071
794,Brad Winters,912 Zachary Ford Apt. 492,Lake Lisa,73758
795,Stacey Ford,4332 Michael Loop Apt. 647,South Andrew,56848
796,Christine Obrien,0635 Rachel Path,Port Travis,18473
797,Paul Poole,247 Brandon Parks Apt. 662,Russellbury,00934
798,Richard Berry,3124 Cook Shore,North Christinafort,63681
799,Michael Ferguson,4717 Hughes Rest Suite 349,West Jameston,12879
800,Kimberly Monroe,200 Davis Lakes,Michaeltown,66551
801,Alyssa Henderson,411 Donna Plains,Lindsayland,58900
802,Kevin Rivera,381 Anna Avenue Apt. 741,Rachelstad,14099
803,Christine Robbins,69512 Kayla Park,East Franciscoton,62431
804,Miranda Douglas,26550 Ward Ville,South Brettberg,96381
805,Ashley Alvarado,92088 Gilbert Hills Suite 538,Pattersonfurt,95268
806,Carol Lee,76266 Andre Shores Apt. 240,Benjaminfurt,66961
807,Douglas Torres,6822 Odom Via,Pageburgh,32464
808,David Garcia,70406 Kelly Well Apt. 732,Heidiberg,31369
809,Nicole Gordon,934 Jordan Alley,South Crystal,53813
810,Sydney Rodriguez,0215 Daugherty Orchard Apt. 051,East Jessestad,26910
811,Kimberly Potter,35245 Peter Trafficway,Port Danielleland,09099
812,Rachel Medina,973 Thomas Track Suite 724,North Natalieview,07042
813,Alexa Foley,77713 Bryant Mission Suite 496,New Kim,38615
814,James Hill,45808 Mark Square,West Karen,12312
815,Colleen Carpenter,59358 Karen Vista,West Timothy,27772
816,Valerie Davis,45512 Cody Tunnel,East Ronald,96988
817,Elaine Alexander,00899 Jackson Squares,Davisport,36113
818,Jon Walker,13026 Anderson Greens Suite 932,East Cassandramouth,49684
819,Brian Howard,714 Douglas Unions Suite 112,Armstrongview,71133
820,John Sullivan,33126 Smith Spring Apt. 793,Seanhaven,28188
821,Christopher Roberts,581 Reyes Villages Apt. 561,Susanland,72314
822,Angela Ferguson,354 Daisy Plaza,Lake Scott,82412
823,Wyatt Williams,37087 Alicia Plains,Kingchester,93645
824,Alexa Vasquez,0800 Johnson Trail Suite 044,Rebeccaberg,32903
825,Patrick Neal,3153 Ingram Brooks,Gracestad,01623
826,Susan Barnes,365 Michael Club Apt. 372,Petersonside,34851
827,Jamie Rodriguez,0382 Fernandez Burg Apt. 303,Jeffreyshire,96373
828,Sarah Jackson,63369 Kimberly Fields,Port Rachel,40865
829,Kelsey Villegas,8185 Higgins Plains Suite 226,Shaneside,95500
830,Angela Parker,713 Hernandez Points,Lake Justin,92475
831,Jennifer Smith,6862 Sean Trace,Ashleyside,30001
832,Christopher Mcguire,13840 Medina Pines,Lake Dorothy,65771
833,Robin Gomez,255 Ramos Fields Suite 872,Mooremouth,70890
834,Krystal Barnes,98543 Monica Light,North Justinmouth,70405
835,Charles Johnson,81413 Daugherty Meadow,Robertstad,04039
836,Michael Cooley,72254 Patterson Highway,Lake Danielfort,38647
837,Patricia Shepherd,56629 Sandra Stream Apt. 441,Millerside,33425
838,Ricky Duran,038 Barry Brook Suite 239,Stricklandtown,20651
839,Charles Morrow,80399 James Falls,Jeffreyton,20441
840,Benjamin Turner,3305 Garcia Circles,West Jean,96691
841,Leslie Hill,708 Wilson Summit Apt. 178,Smithfort,55067
842,Dawn Decker,638 Erin Cove Apt. 159,West Bethanystad,30113
843,Yvonne Cox,4595 David Rapids Suite 167,East Michaelhaven,62215
844,Gregory Lamb,86125 Lynch Hollow Suite 453,West Brandi,49185
845,James Mendoza,9109 Ashley Plains Apt. 305,Jenniferport,82079
846,John Hill,39679 Pope Drives Apt. 190,Lake Michelle,60084
847,Christopher Barnett,0317 Alexander Course,Bernardchester,14349
848,Cheryl Ramos,7970 Carol Pike,Nicholasland,33978
849,Jennifer Anderson,059 Mitchell Camp,Port Paulchester,22309
850,John Carr,333 James Spurs Apt. 902,Port Brandon,64162
851,Amy Lewis DVM,263 Elliott Flats,Jasonside,11242
852,Casey Schmidt,562 Warren Point,Davidmouth,98329
853,Mr. Chad Taylor,0944 Lacey Springs,Mariaview,61301
854,Jill Stone,226 Tyler Ville,Perezburgh,61782
855,Mr. Chad Strong,9468 Andrea Neck Apt. 063,Cooperton,73565
856,John Williams,8693 Cline Lake,Swansonmouth,30008
857,Ryan Gutierrez,4174 Smith Camp Apt. 801,Lake Zachary,79873
858,Donna Middleton,9660 White Summit Suite 773,Chaneyhaven,94142
859,Julie Malone,56447 Mayer Trail Apt. 634,Scottchester,77858
860,Paige Le,5440 Ryan Pike Apt. 769,Port Donaldville,68731
861,Megan Blair,0473 Owen Road Apt. 613,New James,48777
862,Richard Davis,931 Eaton Tunnel Apt. 209,Ryanstad,28371
863,Jennifer Merritt,3117 Jackson Course Apt. 552,Kristenshire,81799
864,Tammy Cox,729 Ortiz Shoals,Lake Jonathanborough,96343
865,Grant Roberts,918 Michelle Forges,Zhangland,59610
866,Mary Scott,12915 Heather Harbor Apt. 099,Johnsonbury,36282
867,Amy Cannon,4954 Martinez Falls,Andreafort,15390
868,David Mcfarland,8651 Petty Hollow Apt. 995,Sarachester,98560
869,Dr. Alex Harding Jr.,5312 Ward Points,North Adamchester,79969
870,Paul Meyer,842 Brenda Fall Apt. 166,Lopezborough,37745
871,Lisa Hall,32478 Kimberly Lock,Lake Christopher,36956
872,Alexander Chapman,3015 Lori Road Apt. 675,South Kimberly,49550
873,Paul Chapman,183 Jones Roads,Aguilarhaven,24221
874,Andrea Sampson,99396 Austin Knoll,New Michellemouth,66432
875,Amanda Johnson,656 Bradley Manor,East Jenniferhaven,69916
876,John Wright,7976 Cody Orchard,Hortonburgh,18314
877,Kimberly Briggs,92219 Allen Flats Suite 972,Port Melodyborough,51050
878,Mrs. Samantha Wu DDS,5337 Bennett Spur Suite 505,Lake Julian,15666
879,Brittney King,6371 Amy Canyon Apt. 517,Longfurt,17695
880,Carol Schmidt,312 Sullivan Track Suite 990,Port Gina,95501
881,Richard Phillips,076 Henderson Lodge Apt. 633,East April,71809
882,Alexander Jacobs,97573 Scott Roads Suite 087,North Raymondberg,25154
883,James Morrow,7282 Jeff Lock Suite 500,North Scotthaven,85466
884,Tyler Diaz,59974 Rogers Creek Suite 526,Johnsonfort,45447
885,Jesse Mann,137 Amy Oval Apt. 587,Johnsonland,07182
886,Benjamin Ayala,33856 Barbara Fords Apt. 587,Karenville,62722
887,Jared Long,216 Norman Orchard Suite 557,Eduardoville,53446
888,Susan Reed,1699 Moore Burgs Suite 614,Port Brian,96223
889,Dr. Stacey Bishop,268 Jaime Rest Suite 372,West Johnborough,44220
890,Kimberly Ruiz,3172 Yolanda Via Suite 882,North Pamelahaven,83055
891,Caleb Gomez,5491 James Gardens,Collinsfort,87572
892,Emily Simmons,433 Oconnor Loaf,East Veronica,73141
893,Aaron Jones,828 Janice Via,Davidside,42915
894,Matthew Bailey,98536 Martinez Springs,Grayland,61194
895,Jessica King,9378 Laura Shoals,Wheelerfurt,78587
896,Brian Cox,671 Jacobs Ranch,West Melissa,02072
897,Mikayla Cooper,059 Sean Stravenue Suite 800,North Janet,51462
898,Elizabeth Bernard,83000 Morse Orchard Suite 095,West Michaelfurt,82915
899,Jesus Miller,74734 Emily Mountains,Larryfurt,91090
900,Kathryn Andrews,038 Mcgee Knoll,Schmittshire,36524
901,Shelley Harper,8402 Mendoza Forks Apt. 585,West Amyburgh,07007
902,Michelle Peters,844 Heather Way,Lake Cassandra,94452
903,Jennifer Brown,58313 Gary Row Suite 966,West James,15835
904,John Fisher,886 Karen Viaduct,Lake Sherriborough,09883
905,Andrew Rios,65157 Jared Dale Suite 171,Rhondafort,28692
906,Michael Velasquez,3800 Green Road,Hendricksville,73605
907,Marco Baker,1658 Weber View,Calderonborough,67052
908,James Rocha,092 Carrie Junction,North Michaelmouth,47250
909,Sean Dunn,066 Stokes Pines,South Dan,38476
910,Maria Rojas,0609 Castro Ramp,East Andreside,67873
911,Reginald Perry,7712 Crystal Isle,Benjaminfort,97850
912,Ellen Walker,05177 Ingram Ferry,Port Patricia,71650
913,Veronica Warren,366 Tyler Divide Apt. 782,Patriciaton,97703
914,Justin Johnson,477 Kimberly Street,Cochranburgh,28577
915,Jesus Silva,938 Tyler Inlet,Alexandrafurt,88499
916,Diana Berry,0375 Paige Gateway,North Stephaniefort,48673
917,Tracy Adams,48367 Richardson Bypass Suite 723,New Emily,13768
918,Austin Krueger,6401 Brooks Camp Suite 171,Port Calvinborough,85524
919,Jordan Shaw,8754 Jennifer Canyon,Morenoview,53165
920,Katie Dixon,34300 Randall Shoal Apt. 938,Lake Latoya,38094
921,Bryan Hayes,55917 Sanchez Corner,New Erinstad,48290
922,Larry Smith,7181 Allen Station,South Ronaldside,07006
923,Mr. Andrew Cox,2108 Amber Trafficway,East Elizabeth,97933
924,William Mitchell,1088 Hobbs Heights Apt. 668,South Thomas,70563
925,Michael Powell,655 Dunn Greens,Marieside,81936
926,Sara Dudley,78065 Thomas Expressway Suite 477,New Rachel,16307
927,Robert Perez,8829 Aguilar Pines Apt. 248,Danielchester,35575
928,Christine Henderson,187 Thomas Turnpike Apt. 527,Martinezburgh,34226
929,Richard Anderson,87876 Baker Circle,Guerrabury,37639
930,Jeffrey Evans,228 Perez Mountain,Andreabury,20739
931,Kerri Santiago,000 Swanson Corner,Gonzalesside,56628
932,Michael Lopez,0782 Brian Underpass,Arnoldview,15915
933,Sarah Oneill,2894 Michael Ranch Apt. 441,South Timothy,41730
934,Roger Anderson,83733 Myers Garden,South Brandonfurt,94334
935,Christopher White,31297 Jeremy River,Samuelhaven,19642
936,Brandy Jackson,9790 Samantha Crossing Suite 275,Smithmouth,73886
937,Cindy Hill,183 Mary Locks Suite 062,New Deborah,31704
938,Robert Blevins,0001 Matthew Extension,North Bonnie,45154
939,Rebecca Williams,99607 Erin Keys,New Jonathanmouth,02808
940,Richard Buck,869 Washington Track,Lisamouth,07914
941,Timothy Reynolds,93205 Aaron Port Suite 329,North Lisashire,97975
942,Jeanette Little,469 Gina Village,Biancamouth,11359
943,Emily Stephens,120 Garcia Port,Lisaside,44608
944,Sharon Stark,683 Sarah Alley Suite 672,Lake Mary,17238
945,Anna Garcia,379 Rodriguez Plaza Suite 783,New Stevenville,46915
946,Joseph Cooley,1496 Alicia Vista Apt. 311,Port Paula,07361
947,William Harris,641 Whitaker Squares Suite 591,Karenmouth,41756
948,Julia Brewer,7022 Marshall Lodge Suite 434,West Christopherburgh,56565
949,Alan Lee Jr.,989 Sullivan Club Apt. 328,South Jamesfort,12521
950,Tracey Jefferson,3479 Kane Unions,North Christinemouth,33780
951,Samantha Sanchez,257 Clark Walk Apt. 134,South Kathrynstad,63047
952,Erin Vasquez,324 Dana Burg Suite 752,Meadowston,85501
953,Carrie Roberts,56414 Randy Forks,East Kaylatown,35446
954,Timothy Tanner,9904 Melanie Mission Apt. 021,Alexandermouth,80091
955,Michael Hatfield,96122 Rogers Streets Suite 438,Lake Heather,73263
956,Bethany Combs,704 Ryan Manor Apt. 158,North Sydney,71070
957,Ashley Martinez,29284 Tran Circles,Smithport,99316
958,Samuel Brown,2553 Mark Drive Suite 658,New Sarahton,94012
959,Brandon Armstrong,4608 Michelle Walk Apt. 996,Sanchezport,85937
960,Ms. Natalie Goodwin MD,880 Tiffany Haven Suite 055,South Mariabury,91637
961,David Morton,548 Hubbard Crossing,Turnerchester,14573
962,Kathryn Turner,191 Jose Court,South John,17669
963,Danielle Roberts,6651 Allen Cliff Apt. 712,North Dennis,14438
964,Laura Fernandez,99517 Porter Streets,Carrieshire,22273
965,Donna Ross,40188 Mathis Squares,Stacystad,32839
966,Jason Hoffman,07414 Gates Inlet,East Robertberg,11170
967,David Baker,7081 Anne Way,New Kevin,85449
968,Joshua Wilcox,7263 Annette Locks Apt. 997,Laurahaven,56312
969,Martha Stanley,1643 Miranda Courts,East Thomas,12734
970,Brian Vasquez,5849 Connie Isle Suite 334,North Joberg,45643
971,Omar Henderson,8022 Jones Spurs Suite 600,Rosefurt,70131
972,Cindy Gonzalez,3336 Wayne Trail Suite 205,New Kelly,53615
973,Roger Smith,39669 Valerie Crescent,East Michael,36055
974,Rodney Mitchell,10703 Brad Field Apt. 467,East Josephhaven,71263
975,Christopher Werner,807 Stephenson Corners Apt. 489,South Virginialand,94149
976,William Meyer,2769 Andrew Valley Apt. 103,Lake Teresahaven,92336
977,Alicia Shannon,865 Susan Mission Suite 649,West Christopherberg,54856
978,Darren Kelly,7248 Tiffany Square Apt. 138,Hunterstad,81842
979,Alexander Martin,867 Howard Dale,Goodwinstad,24791
980,Christopher Moss,2596 Kyle Inlet Apt. 611,West Stephen,10412
981,Adam Chandler,34725 Christina Pike,Michaelhaven,86111
982,Jodi Todd,60034 Woods Mill,Torresburgh,58622
983,Carol Hawkins,04052 Judith Path,Fritzmouth,98849
984,John Valentine,926 Christian Mission Suite 003,Codyland,49530
985,Amber Davis,95842 Chad Flats,Jamieberg,64296
986,Robin White,82519 Castillo Prairie Suite 168,Debraport,59034
987,Billy Bell,51436 Nelson Tunnel,South Josephtown,61638
988,Mary Peters,5225 Lee View,Lake Nicholas,33421
989,Melissa Cole,936 Lopez Stream,Stewartchester,29159
990,Anthony Guerrero,410 Bradley Courts Apt. 044,East Sharonfurt,30422
991,Erica Baker,2791 Laura Gateway Apt. 636,Thomasmouth,38270
992,Mary Taylor,70986 Heather Drive Suite 043,North Micheleport,72238
993,Susan Madden,07617 Black Mountains,Amyberg,06371
994,Dawn Lindsey,125 Williams Square Suite 195,Lake Alyssashire,02708
995,Tanner Ortiz,485 Michael Grove,Smithhaven,58997
996,Becky Lara,15319 Erik Crescent,Lake Danielleburgh,30042
997,Sonya Ramirez,36008 Vaughan Fall,Malloryton,37024
998,Bobby Gonzalez PhD,4590 Angela Valley Apt. 927,New Nicholastown,14789
999,Marcus Trujillo,17435 Watkins Manors Apt. 477,New Seth,92533
1000,William Boyer,43876 Adams Cape,Curryburgh,77645
1001,James Mckay,76312 Ali Isle,Kyleside,15416
